{"cameraMode":{"drawMode":0,"name":"Shaded","section":"Shading Mode"},"sceneLighting":true,"audioPlay":false,"sceneViewState":{"m_AlwaysRefresh":false,"showFog":true,"showSkybox":true,"showFlares":true,"showImageEffects":true,"showParticleSystems":true,"showVisualEffectGraphs":true,"m_FxEnabled":true},"in2DMode":false,"pivot":{"x":51.509151458740237,"y":0.1395258903503418,"z":171.0921630859375},"rotation":{"x":-0.2596224844455719,"y":-0.10748932510614395,"z":0.02910507656633854,"w":-0.9592896103858948},"size":11.056421279907227,"orthographic":false}